X,Y,COLOR
92,70,1
3,3,1
26,96,1
15,77,1
50,48,0
30,42,0
29,24,0
95,65,1
10,15,1
21,94,1
8,99,1
88,2,1
51,57,0
29,80,0
27,1,1
22,32,0
10,61,1
74,85,1
76,44,0
98,30,1
86,15,1
8,86,1
42,45,0
90,46,1
21,64,0
68,89,1
18,22,0
28,10,1
13,9,1
85,98,1
40,49,0
21,73,0
82,70,0
95,0,1
87,7,1
79,91,1
47,75,0
36,25,0
50,0,1
72,40,0
63,62,0
32,14,1
84,66,0
6,21,1
37,32,0
67,39,0
76,83,0
65,17,0
65,84,0
9,50,1
3,8,1
40,46,0
82,55,0
84,86,1
57,91,1
69,77,0
83,72,0
6,95,1
77,21,0
0,41,1
47,44,0
83,84,0
84,96,1
44,86,1
50,27,0
51,0,1
27,87,1
80,48,0
38,19,0
59,1,1
82,85,1
15,64,1
87,82,1
70,25,0
58,43,0
25,8,1
52,39,0
82,89,1
84,79,0
87,28,1
71,89,1
47,93,1
69,43,0
76,99,1
26,0,1
40,78,0
38,70,0
13,91,1
91,25,1
57,23,0
16,97,1
63,15,1
15,65,1
1,14,1
85,7,1
47,16,0
47,9,1
14,30,1
25,71,0
68,86,1
27,2,1
39,58,0
52,60,0
98,81,1
12,12,1
85,14,1
56,47,0
60,6,1
72,68,0
99,27,1
8,61,1
6,20,1
40,24,0
93,4,1
45,76,0
5,91,1
38,57,0
67,53,0
26,57,0
61,80,0
9,25,1
67,53,0
24,32,0
70,29,0
92,43,1
88,29,1
86,87,1
56,84,0
64,22,0
0,85,1
85,62,1
73,0,1
20,70,0
52,0,1
71,48,0
67,68,0
90,28,1
23,51,0
30,93,1
9,44,1
14,33,1
96,33,1
9,19,1
22,27,0
85,34,1
48,74,0
49,11,1
25,62,0
61,68,0
79,81,0
12,8,1
12,31,1
7,82,1
66,41,0
42,3,1
73,34,0
84,14,1
51,0,1
82,54,0
16,70,0
69,96,1
26,3,1
97,21,1
6,63,1
39,3,1
91,88,1
87,78,1
24,58,0
45,16,0
12,14,1
49,31,0
15,84,1
62,61,0
78,83,0
98,85,1
18,11,1
89,19,1
64,67,0
81,26,0
30,68,0
67,27,0
36,55,0
34,75,0
97,57,1
32,92,1
88,29,1
74,33,0
66,4,1
45,52,0
48,24,0
27,27,0
3,1,1
93,10,1
85,10,1
68,13,1
88,82,1
44,3,1
56,15,1
54,52,0
0,93,1
86,19,1
83,76,0
7,83,1
32,9,1
85,97,1
90,26,1
51,55,0
69,88,1
10,82,1
42,15,1
18,47,0
50,94,1
51,81,0
11,72,1
64,67,0
38,72,0
99,11,1
47,89,1
46,38,0
38,88,1
60,78,0
76,22,0
81,95,1
31,12,1
43,27,0
63,52,0
81,32,0
32,2,1
44,83,0
66,88,1
71,30,0
63,71,0
56,20,0
98,78,1
67,48,0
82,49,0
74,97,1
55,1,1
39,61,0
46,86,1
74,18,0
47,27,0
47,93,1
16,48,0
29,20,0
83,89,1
49,22,0
21,15,1
96,70,1
30,74,0
70,66,0
50,63,0
21,97,1
19,4,1
94,53,1
93,21,1
92,58,1
2,14,1
87,66,1
0,95,1
12,21,1
55,67,0
11,92,1
48,4,1
80,36,0
0,80,1
56,94,1
4,64,1
95,48,1
23,18,0
86,75,1
31,54,0
92,15,1
84,10,1
84,27,0
19,16,0
0,55,1
46,70,0
67,80,0
10,55,1
52,15,1
54,43,0
14,61,1
83,66,0
63,48,0
52,73,0
7,80,1
37,63,0
84,6,1
59,49,0
43,3,1
56,72,0
67,9,1
53,68,0
90,60,1
94,38,1
88,58,1
3,91,1
51,8,1
99,40,1
51,33,0
17,4,1
10,95,1
67,27,0
30,57,0
88,86,1
43,18,0
2,61,1
60,96,1
37,73,0
37,89,1
46,9,1
64,67,0
84,99,1
52,72,0
29,49,0
43,34,0
45,54,0
24,4,1
44,22,0
59,1,1
67,27,0
89,52,1
58,60,0
41,62,0
30,40,0
14,5,1
47,57,0
22,17,0
93,95,1
78,41,0
83,56,0
91,88,1
62,66,0
65,12,1
16,84,0
86,26,1
27,85,1
48,12,1
5,52,1
39,80,0
84,59,0
96,33,1
30,61,0
80,22,0
71,89,1
44,46,0
78,89,1
7,43,1
97,71,1
41,53,0
91,25,1
82,16,0
80,33,0
96,24,1
59,26,0
98,55,1
15,7,1
38,72,0
9,5,1
28,99,1
12,40,1
70,3,1
19,59,0
71,74,0
64,3,1
20,75,0
74,69,0
70,72,0
98,6,1
9,73,1
78,72,0
89,45,1
31,55,0
66,28,0
73,76,0
77,1,1
15,63,1
26,20,0
42,83,0
73,18,0
63,79,0
86,70,1
39,59,0
22,4,1
60,96,1
39,17,0
74,55,0
7,12,1
34,97,1
18,39,0
49,8,1
27,83,0
52,4,1
89,49,1
43,38,0
72,98,1
31,0,1
25,47,0
29,53,0
9,29,1
61,54,0
71,64,0
68,41,0
70,34,0
21,3,1
19,82,0
52,12,1
71,13,1
41,32,0
36,97,1
38,72,0
22,97,1
78,43,0
84,61,0
42,81,0
47,84,0
32,77,0
60,30,0
23,3,1
31,99,1
89,75,1
51,15,1
7,39,1
59,79,0
55,79,0
4,96,1
54,8,1
90,15,1
89,88,1
12,3,1
17,45,0
6,43,1
73,1,1
85,81,1
46,97,1
82,16,0
12,62,1
58,81,0
33,79,0
75,54,0
15,96,1
66,46,0
89,68,1
48,61,0
12,65,1
32,15,1
5,80,1
41,71,0
39,92,1
88,96,1
16,45,0
66,34,0
58,90,1
0,23,1
76,87,1
91,58,1
45,74,0
77,33,0
82,87,1
89,44,1
17,20,0
77,27,0
12,51,1
54,62,0
47,94,1
81,71,0
61,12,1
27,12,1
53,38,0
24,63,0
77,4,1
22,37,0
20,68,0
69,81,0
6,97,1
69,40,0
3,46,1
78,23,0
28,25,0
38,31,0
71,58,0
17,86,1
55,92,1
80,94,1
27,57,0
37,78,0
38,68,0
82,51,0
42,52,0
89,52,1
70,78,0
51,15,1
60,58,0
15,32,1
8,7,1
22,37,0
67,59,0
62,97,1
72,63,0
76,72,0
27,51,0
80,50,0
10,40,1
6,95,1
84,79,0
30,80,0
48,18,0
17,74,0
5,46,1
42,59,0
71,70,0
66,44,0
89,56,1
79,19,0
22,29,0
81,8,1
87,92,1
80,30,0
51,40,0
24,45,0
81,90,1
47,51,0
11,64,1
71,76,0
11,12,1
38,59,0
42,48,0
21,53,0
41,49,0
25,27,0
27,45,0
54,16,0
96,6,1
59,85,1
14,82,1
40,24,0
65,19,0
7,73,1
23,18,0
49,84,0
77,11,1
55,40,0
60,98,1
16,30,0
43,41,0
2,9,1
0,65,1
76,55,0
46,84,0
11,77,1
26,78,0
63,33,0
72,89,1
49,20,0
80,90,1
93,84,1
17,31,0
27,82,0
73,67,0
54,98,1
88,64,1
49,98,1
97,64,1
37,92,1
7,8,1
73,72,0
43,98,1
76,94,1
39,89,1
76,69,0
67,71,0
87,73,1
87,55,1
63,4,1
73,86,1
83,60,0
33,7,1
51,75,0
89,2,1
19,8,1
63,45,0
14,35,1
53,58,0
61,95,1
49,51,0
16,67,0
32,16,0
61,59,0
61,88,1
86,46,1
36,79,0
58,58,0
60,60,0
99,18,1
59,64,0
93,88,1
45,45,0
98,92,1
34,0,1
26,79,0
93,42,1
48,86,1
32,90,1
74,76,0
96,47,1
0,10,1
54,49,0
34,85,1
35,2,1
12,84,1
46,49,0
82,89,1
92,53,1
18,57,0
29,52,0
60,16,0
31,10,1
90,95,1
81,6,1
77,39,0
6,22,1
93,37,1
79,88,1
15,77,1
12,24,1
67,50,0
63,29,0
46,48,0
92,38,1
93,26,1
87,93,1
24,24,0
64,45,0
44,40,0
50,63,0
47,45,0
4,15,1
92,21,1
49,35,0
27,81,0
8,81,1
54,68,0
91,53,1
66,49,0
88,16,1
87,18,1
86,72,1
19,88,1
7,33,1
34,4,1
23,4,1
96,10,1
19,95,1
9,98,1
68,89,1
95,9,1
6,1,1
29,29,0
77,37,0
19,14,1
4,10,1
69,96,1
34,91,1
90,23,1
32,45,0
15,4,1
2,79,1
84,69,0
31,65,0
91,96,1
16,23,0
19,48,0
22,31,0
31,58,0
44,32,0
0,46,1
74,89,1
28,92,1
97,99,1
2,21,1
0,5,1
20,71,0
96,21,1
77,32,0
44,58,0
0,53,1
20,52,0
35,53,0
3,61,1
39,88,1
43,30,0
40,9,1
4,16,1
95,52,1
54,42,0
51,23,0
37,79,0
23,3,1
0,71,1
77,15,1
68,1,1
57,25,0
35,39,0
43,20,0
83,35,0
2,63,1
79,45,0
61,90,1
96,29,1
68,58,0
86,36,1
50,44,0
58,95,1
30,2,1
88,56,1
40,95,1
12,14,1
98,87,1
37,75,0
54,53,0
30,87,1
35,88,1
43,86,1
32,9,1
6,44,1
54,97,1
16,46,0
51,78,0
61,50,0
5,83,1
0,0,1
85,5,1
82,54,0
70,76,0
73,73,0
5,65,1
82,11,1
87,18,1
59,38,0
57,99,1
60,64,0
15,51,1
54,79,0
52,35,0
5,72,1
94,88,1
69,63,0
10,8,1
58,2,1
91,6,1
25,70,0
0,69,1
58,82,0
86,72,1
45,54,0
15,36,1
49,68,0
60,27,0
65,5,1
21,31,0
26,71,0
43,53,0
42,72,0
54,47,0
14,48,1
84,43,0
89,55,1
57,83,0
18,64,0
3,27,1
9,97,1
36,22,0
32,16,0
39,73,0
6,86,1
10,63,1
80,35,0
82,29,0
53,67,0
32,58,0
55,83,0
88,60,1
67,71,0
10,2,1
37,44,0
40,63,0
25,28,0
66,37,0
2,49,1
11,27,1
34,22,0
94,10,1
93,36,1
6,4,1
18,60,0
21,46,0
16,97,1
28,99,1
46,69,0
32,65,0
23,3,1
53,4,1
56,37,0
54,59,0
10,91,1
27,3,1
36,58,0
25,56,0
12,74,1
53,46,0
44,60,0
9,36,1
94,66,1
17,28,0
50,70,0
40,4,1
27,25,0
71,85,1
31,46,0
96,90,1
23,74,0
54,62,0
82,61,0
28,77,0
69,79,0
24,78,0
39,60,0
19,43,0
11,43,1
67,43,0
53,61,0
67,76,0
15,20,1
88,11,1
3,61,1
46,4,1
7,47,1
37,13,1
95,31,1
84,16,0
62,90,1
54,40,0
72,86,1
66,86,1
89,4,1
32,56,0
93,82,1
20,83,0
8,12,1
87,81,1
14,45,1
27,35,0
4,91,1
28,18,0
81,32,0
37,54,0
27,5,1
63,31,0
57,63,0
91,27,1
46,21,0
19,15,1
19,18,0
72,74,0
14,47,1
37,57,0
60,15,1
4,22,1
31,65,0
9,44,1
7,22,1
4,7,1
81,90,1
76,41,0
30,66,0
84,66,0
33,44,0
56,49,0
65,2,1
20,26,0
50,99,1
51,48,0
26,51,0
66,87,1
60,99,1
72,72,0
73,70,0
77,76,0
38,72,0
87,59,1
4,79,1
82,87,1
43,34,0
33,3,1
31,44,0
42,21,0
32,21,0
55,69,0
74,66,0
5,35,1
80,30,0
58,33,0
66,7,1
76,23,0
67,33,0
43,17,0
3,8,1
9,22,1
26,37,0
81,79,0
16,17,0
33,5,1
69,72,0
21,10,1
46,71,0
7,14,1
1,18,1
88,77,1
79,1,1
4,80,1
15,22,1
36,33,0
4,11,1
27,28,0
91,53,1
38,17,0
60,53,0
87,75,1
69,52,0
34,57,0
30,63,0
41,71,0
5,7,1
94,58,1
83,75,0
15,15,1
14,93,1
31,25,0
10,45,1
89,55,1
8,26,1
64,76,0
42,58,0
15,12,1
15,29,1
79,82,0
79,75,0
84,64,0
22,53,0
5,35,1
85,85,1
30,57,0
52,43,0
67,29,0
29,93,1
70,92,1
64,44,0
2,35,1
18,21,0
64,40,0
43,73,0
67,39,0
61,90,1
43,64,0
51,20,0
18,76,0
64,25,0
42,85,1
50,97,1
36,73,0
73,22,0
20,57,0
54,21,0
64,82,0
58,26,0
90,24,1
86,50,1
20,80,0
93,50,1
26,24,0
4,5,1
63,6,1
56,63,0
67,26,0
50,19,0
86,72,1
48,37,0
5,54,1
43,62,0
51,97,1
48,51,0
80,87,1
68,29,0
20,31,0
34,91,1
82,20,0
64,66,0
79,86,1
37,49,0
21,96,1
99,76,1
25,56,0
6,6,1
71,27,0
69,67,0
85,4,1
15,79,1
77,54,0
38,35,0
58,43,0
20,65,0
50,20,0
23,49,0
38,97,1
40,65,0
17,10,1
50,48,0
39,67,0
68,95,1
4,17,1
9,84,1
64,16,0
99,92,1
72,43,0
93,16,1
40,35,0
70,34,0
73,75,0
78,77,0
62,16,0
9,59,1
30,38,0
12,43,1
71,14,1
37,96,1
99,87,1
91,2,1
80,82,0
28,79,0
44,29,0
88,76,1
31,93,1
98,20,1
85,80,1
69,40,0
3,40,1
59,18,0
98,94,1
13,84,1
95,40,1
9,87,1
50,36,0
60,19,0
13,15,1
21,55,0
73,0,1
72,47,0
93,40,1
92,48,1
49,18,0
60,89,1
30,5,1
96,70,1
6,61,1
24,11,1
74,26,0
98,54,1
58,49,0
34,68,0
21,36,0
40,19,0
7,89,1
43,81,0
77,12,1
36,87,1
17,57,0
93,70,1
57,59,0
75,10,1
48,42,0
18,19,0
74,41,0
61,81,0
93,52,1
40,95,1
88,93,1
19,44,0
69,11,1
76,44,0
36,71,0
75,87,1
64,73,0
67,45,0
64,23,0
89,53,1
37,66,0
54,37,0
27,69,0
27,90,1
97,14,1
55,69,0
40,49,0
15,50,1
47,40,0
99,69,1
8,20,1
0,47,1
4,55,1
64,48,0
5,68,1
62,70,0
57,36,0
16,63,0
96,17,1
17,25,0
19,6,1
71,57,0
0,76,1
0,66,1
61,9,1
19,68,0
25,49,0
77,43,0
79,89,1
39,43,0
56,28,0
98,14,1
92,86,1
70,7,1
65,77,0
62,12,1
13,57,1
12,61,1
98,33,1
88,48,1
0,41,1
32,24,0
89,73,1
99,5,1
7,3,1
66,82,0
6,4,1
24,13,1
26,86,1
70,83,0
64,98,1
88,6,1
66,61,0
20,4,1
2,64,1
27,96,1
88,19,1
49,26,0
80,97,1
35,85,1
5,12,1
83,17,0
53,51,0
70,38,0
34,66,0
8,77,1
77,57,0
47,18,0
75,46,0
11,77,1
27,87,1
9,15,1
14,93,1
32,54,0
91,3,1
84,19,0
85,59,1
47,19,0
81,2,1
67,48,0
74,44,0
43,16,0
87,15,1
13,46,1
49,41,0
38,0,1
21,91,1
73,6,1
26,48,0
8,6,1
45,51,0
89,78,1
15,28,1
89,1,1
49,57,0
26,95,1
50,96,1
22,19,0
12,15,1
71,94,1
44,58,0
54,72,0
99,74,1
50,24,0
57,3,1
60,39,0
90,91,1
94,38,1
36,55,0
67,49,0
84,57,0
92,12,1
27,36,0
27,76,0
10,35,1
4,14,1
89,64,1
77,67,0
81,51,0
9,84,1
24,40,0
13,84,1
97,39,1
19,76,0
93,89,1
28,83,0
86,11,1
15,86,1
75,10,1
99,40,1
76,28,0
30,80,0
90,41,1
38,82,0
78,38,0
75,13,1
52,76,0
48,24,0
89,66,1
68,58,0
63,84,0
56,58,0
71,43,0
77,29,0
31,25,0
4,73,1
25,91,1
45,65,0
98,48,1
77,90,1
41,74,0
73,33,0
27,9,1
67,74,0
74,13,1
53,18,0
12,9,1
57,86,1
50,67,0
39,75,0
46,35,0
78,74,0
97,89,1
33,29,0
24,25,0
49,35,0
3,83,1
40,82,0
94,0,1
3,36,1
52,92,1
20,96,1
98,73,1
84,57,0
70,5,1
62,39,0
91,73,1
3,26,1
19,32,0
4,25,1
51,53,0
66,37,0
68,66,0
25,87,1
64,98,1
15,67,1
44,63,0
78,46,0
5,57,1
18,31,0
7,54,1
11,46,1
62,50,0
79,51,0
49,43,0
61,50,0
25,6,1
47,66,0
13,63,1
70,50,0
90,20,1
53,89,1
85,4,1
67,0,1
84,9,1
80,79,0
91,31,1
2,1,1
42,85,1
7,43,1
25,18,0
47,10,1
49,59,0
41,98,1
15,17,1
77,39,0
65,97,1
86,22,1
11,89,1
54,42,0
93,5,1
81,54,0
55,63,0
0,83,1
41,10,1
13,36,1
23,11,1
2,86,1
62,23,0
72,19,0
13,9,1
48,81,0
66,49,0
13,65,1
98,27,1
6,19,1
43,43,0
71,27,0
30,24,0
11,76,1
95,65,1
7,82,1
72,87,1
77,75,0
71,95,1
50,94,1
65,56,0
98,59,1
7,56,1
36,55,0
75,52,0
4,91,1
96,85,1
43,52,0
53,88,1
46,58,0
31,14,1
88,90,1
42,72,0
20,86,1
67,84,0
66,64,0
23,23,0
13,43,1
52,94,1
37,73,0
97,69,1
47,41,0
29,76,0
65,80,0
66,3,1
83,49,0
34,18,0
49,59,0
7,15,1
70,56,0
18,24,0
87,8,1
33,71,0
65,40,0
90,55,1
18,71,0
21,27,0
37,48,0
15,48,1
99,90,1
52,92,1
71,99,1
83,30,0
33,54,0
87,14,1
91,49,1
52,76,0
42,86,1
65,0,1
48,28,0
43,67,0
67,97,1
9,7,1
25,93,1
53,55,0
53,67,0
14,66,1
20,30,0
96,79,1
47,40,0
86,39,1
11,3,1
54,81,0
47,91,1
60,72,0
49,1,1
74,49,0
29,59,0
64,31,0
5,0,1
25,74,0
38,20,0
29,54,0
26,99,1
73,8,1
14,4,1
42,90,1
63,62,0
26,10,1
47,5,1
17,46,0
79,45,0
67,41,0
98,60,1
83,21,0
71,58,0
39,9,1
82,62,0
78,86,1
7,54,1
8,39,1
88,90,1
25,84,0
57,26,0
58,60,0
77,23,0
25,13,1
74,51,0
12,75,1
60,57,0
25,83,0
89,11,1
32,5,1
95,33,1
44,31,0
68,33,0
9,90,1
54,36,0
64,95,1
53,82,0
23,63,0
66,21,0
59,33,0
7,75,1
24,92,1
3,81,1
1,45,1
13,92,1
82,63,0
40,4,1
50,55,0
75,50,0
21,48,0
26,88,1
9,59,1
13,29,1
8,53,1
83,24,0
41,90,1
5,64,1
52,11,1
25,32,0
2,60,1
1,37,1
57,22,0
49,69,0
98,60,1
26,93,1
82,2,1
91,86,1
28,42,0
46,21,0
48,34,0
62,13,1
23,27,0
10,31,1
42,82,0
75,90,1
89,10,1
14,83,1
88,82,1
73,79,0
15,35,1
79,55,0
65,91,1
94,10,1
9,85,1
68,94,1
78,89,1
10,81,1
12,5,1
80,80,0
94,65,1
93,72,1
65,36,0
2,28,1
89,93,1
8,13,1
50,32,0
33,15,1
29,64,0
3,59,1
55,78,0
2,5,1
45,74,0
29,47,0
79,20,0
27,16,0
61,48,0
14,5,1
47,13,1
33,10,1
69,68,0
91,82,1
69,81,0
85,15,1
7,15,1
85,67,1
37,23,0
37,45,0
29,44,0
16,99,1
18,60,0
23,2,1
14,80,1
9,19,1
86,23,1
1,9,1
85,28,1
36,51,0
85,86,1
55,10,1
73,30,0
62,36,0
13,76,1
15,26,1
96,85,1
63,73,0
11,47,1
32,83,0
40,22,0
7,24,1
85,81,1
80,20,0
16,21,0
0,45,1
11,76,1
28,37,0
22,82,0
44,85,1
71,33,0
34,0,1
76,50,0
62,71,0
57,14,1
93,26,1
54,75,0
78,93,1
5,76,1
81,97,1
26,70,0
48,71,0
7,55,1
35,65,0
74,33,0
32,15,1
91,36,1
30,84,0
51,72,0
82,41,0
37,28,0
45,98,1
89,1,1
86,66,1
38,44,0
31,66,0
30,60,0
41,34,0
10,63,1
1,17,1
46,59,0
66,63,0
12,90,1
55,11,1
28,12,1
73,55,0
64,49,0
18,15,1
58,26,0
88,99,1
7,74,1
17,96,1
2,9,1
84,57,0
80,70,0
50,74,0
69,98,1
78,11,1
79,4,1
46,19,0
67,38,0
36,28,0
60,95,1
15,67,1
91,24,1
94,89,1
95,96,1
51,23,0
96,49,1
75,29,0
80,31,0
22,87,1
5,84,1
59,5,1
52,32,0
37,36,0
17,9,1
20,46,0
80,49,0
36,77,0
5,98,1
50,85,1
47,61,0
40,32,0
4,37,1
74,1,1
73,32,0
82,46,0
87,2,1
91,25,1
64,2,1
74,82,0
65,44,0
92,44,1
81,54,0
72,67,0
35,63,0
32,11,1
34,1,1
40,64,0
45,38,0
21,55,0
19,9,1
34,55,0
66,14,1
75,97,1
77,80,0
36,12,1
23,67,0
38,13,1
35,18,0
52,54,0
66,44,0
76,35,0
38,56,0
16,71,0
2,8,1
74,20,0
59,36,0
42,34,0
95,53,1
25,83,0
23,13,1
17,12,1
47,98,1
70,21,0
1,82,1
74,34,0
12,37,1
3,18,1
24,80,0
11,89,1
59,77,0
63,62,0
41,49,0
35,6,1
37,72,0
61,28,0
95,64,1
83,13,1
36,99,1
83,69,0
53,54,0
39,85,1
69,79,0
77,38,0
20,22,0
80,90,1
5,11,1
10,13,1
96,86,1
34,51,0
43,82,0
85,53,1
70,91,1
64,74,0
61,33,0
80,34,0
51,98,1
67,90,1
8,37,1
90,53,1
43,79,0
85,11,1
16,9,1
58,8,1
75,73,0
66,80,0
15,51,1
41,91,1
55,49,0
45,89,1
7,74,1
58,77,0
49,9,1
36,52,0
72,30,0
15,8,1
79,43,0
29,27,0
36,20,0
61,31,0
9,78,1
67,45,0
55,69,0
44,90,1
9,62,1
26,95,1
68,93,1
97,94,1
28,35,0
20,75,0
21,77,0
93,51,1
29,36,0
77,29,0
72,1,1
27,51,0
34,34,0
27,21,0
28,96,1
82,62,0
69,73,0
27,54,0
89,86,1
28,71,0
91,60,1
13,0,1
60,70,0
53,44,0
11,50,1
7,21,1
82,92,1
19,7,1
80,9,1
86,30,1
33,27,0
52,69,0
66,61,0
74,73,0
69,18,0
71,95,1
98,4,1
54,34,0
54,47,0
94,18,1
73,81,0
99,67,1
22,54,0
59,74,0
36,82,0
98,95,1
93,51,1
55,89,1
31,13,1
4,61,1
24,25,0
33,32,0
55,27,0
9,16,1
78,47,0
93,63,1
53,82,0
40,56,0
41,95,1
33,63,0
50,51,0
0,49,1
30,11,1
29,95,1
73,28,0
14,43,1
16,56,0
13,97,1
32,99,1
74,75,0
57,97,1
28,60,0
16,37,0
36,16,0
79,49,0
3,76,1
29,77,0
9,99,1
68,24,0
44,40,0
98,0,1
43,72,0
81,83,0
84,25,0
21,6,1
62,16,0
11,52,1
55,69,0
59,72,0
76,56,0
98,87,1
7,12,1
87,77,1
63,90,1
3,93,1
42,7,1
98,8,1
75,75,0
65,42,0
64,14,1
54,19,0
79,75,0
94,93,1
52,99,1
62,46,0
39,30,0
59,72,0
61,91,1
78,69,0
85,1,1
86,88,1
78,47,0
7,61,1
91,81,1
89,12,1
31,38,0
13,58,1
59,58,0
92,4,1
44,92,1
66,81,0
1,25,1
66,80,0
59,54,0
9,94,1
39,44,0
55,43,0
8,46,1
57,7,1
23,52,0
19,73,0
46,3,1
99,97,1
63,65,0
8,88,1
93,27,1
60,88,1
1,34,1
11,7,1
88,57,1
75,21,0
2,39,1
88,80,1
53,65,0
10,27,1
7,46,1
80,13,1
35,60,0
0,14,1
87,31,1
86,82,1
62,34,0
92,80,1
99,38,1
71,35,0
62,40,0
95,41,1
15,5,1
20,86,1
40,52,0
32,36,0
90,85,1
2,14,1
81,36,0
36,57,0
72,56,0
58,77,0
99,91,1
85,48,1
81,0,1
70,87,1
79,14,1
9,75,1
68,50,0
71,4,1
38,26,0
68,59,0
69,36,0
57,24,0
8,31,1
38,92,1
18,82,0
66,52,0
29,61,0
41,27,0
24,82,0
90,33,1
0,74,1
93,17,1
74,88,1
54,54,0
11,87,1
93,43,1
67,42,0
60,20,0
73,93,1
90,49,1
16,39,0
28,3,1
43,64,0
51,39,0
55,62,0
5,70,1
63,24,0
41,28,0
91,35,1
48,78,0
68,62,0
89,49,1
73,79,0
96,2,1
10,50,1
0,4,1
6,67,1
4,41,1
51,98,1
59,26,0
35,77,0
38,52,0
0,74,1
63,52,0
37,0,1
61,33,0
85,55,1
7,10,1
10,85,1
7,84,1
12,84,1
68,82,0
0,60,1
54,48,0
82,5,1
47,13,1
85,94,1
36,10,1
98,61,1
63,77,0
85,44,1
60,79,0
4,71,1
66,57,0
0,2,1
64,3,1
49,98,1
27,32,0
60,27,0
58,99,1
59,36,0
68,15,1
17,92,1
76,93,1
37,56,0
38,17,0
59,18,0
18,59,0
82,57,0
63,18,0
37,35,0
37,7,1
14,43,1
91,42,1
96,13,1
76,77,0
57,75,0
95,81,1
46,41,0
96,54,1
80,69,0
55,85,1
16,93,1
98,91,1
50,95,1
97,85,1
35,93,1
84,89,1
70,40,0
78,19,0
85,26,1
43,31,0
77,17,0
64,93,1
53,42,0
45,65,0
36,97,1
26,24,0
58,47,0
3,40,1
45,48,0
70,11,1
47,73,0
49,67,0
4,81,1
82,49,0
83,30,0
61,86,1
19,11,1
8,0,1
11,76,1
59,2,1
76,80,0
79,70,0
4,41,1
81,53,0
98,99,1
19,77,0
91,8,1
56,16,0
3,2,1
26,92,1
31,94,1
74,21,0
18,79,0
64,28,0
49,66,0
79,55,0
92,4,1
34,98,1
54,96,1
32,68,0
4,48,1
99,25,1
36,16,0
18,37,0
47,23,0
56,84,0
65,67,0
61,63,0
28,92,1
34,17,0
17,37,0
0,75,1
98,62,1
48,92,1
44,65,0
64,31,0
85,84,1
4,22,1
21,20,0
1,40,1
99,69,1
25,68,0
17,97,1
26,30,0
35,26,0
89,47,1
91,65,1
96,95,1
13,56,1
16,26,0
63,45,0
73,47,0
99,78,1
69,87,1
80,22,0
71,86,1
83,63,0
86,45,1
95,12,1
68,76,0
54,95,1
39,47,0
1,87,1
57,33,0
69,35,0
74,48,0
15,58,1
3,35,1
30,41,0
93,55,1
83,8,1
92,91,1
99,27,1
22,59,0
65,90,1
85,6,1
53,12,1
79,1,1
50,82,0
72,19,0
8,27,1
84,73,0
90,34,1
59,24,0
97,37,1
41,29,0
88,29,1
49,68,0
64,7,1
96,81,1
75,29,0
73,94,1
52,51,0
27,39,0
59,20,0
45,77,0
65,1,1
4,80,1
95,12,1
98,36,1
38,67,0
55,69,0
61,69,0
21,3,1
74,96,1
19,8,1
2,34,1
47,93,1
99,14,1
54,12,1
51,33,0
93,62,1
20,73,0
81,12,1
6,50,1
45,37,0
84,18,0
60,49,0
88,0,1
98,2,1
59,15,1
96,46,1
75,81,0
6,11,1
64,72,0
77,1,1
41,78,0
9,83,1
44,1,1
2,86,1
30,63,0
91,32,1
28,12,1
93,10,1
4,73,1
68,85,1
16,82,0
29,97,1
83,11,1
94,32,1
61,88,1
19,77,0
28,84,0
10,92,1
95,4,1
30,61,0
87,93,1
30,72,0
65,90,1
50,81,0
70,51,0
17,82,0
13,12,1
87,50,1
75,39,0
18,67,0
70,5,1
98,54,1
33,39,0
34,65,0
28,79,0
73,52,0
13,45,1
20,59,0
60,34,0
29,4,1
66,14,1
63,63,0
16,13,1
84,87,1
53,35,0
84,77,0
29,94,1
52,48,0
33,80,0
44,21,0
54,36,0
42,39,0
51,19,0
31,78,0
48,1,1
68,12,1
96,89,1
66,34,0
16,51,0
44,34,0
68,39,0
62,3,1
83,97,1
0,23,1
24,59,0
39,23,0
64,96,1
91,81,1
51,68,0
37,69,0
77,8,1
4,49,1
70,99,1
6,82,1
36,0,1
41,77,0
29,4,1
31,31,0
1,52,1
88,87,1
49,94,1
67,55,0
83,63,0
62,84,0
22,61,0
29,3,1
39,25,0
52,23,0
12,45,1
57,47,0
77,37,0
10,83,1
20,9,1
81,24,0
96,75,1
42,47,0
55,79,0
35,13,1
61,26,0
83,41,0
87,9,1
23,71,0
11,91,1
36,95,1
10,5,1
97,85,1
44,61,0
2,26,1
60,18,0
92,35,1
82,36,0
65,25,0
27,2,1
90,72,1
80,93,1
44,32,0
50,9,1
77,88,1
28,88,1
90,42,1
32,1,1
22,7,1
84,12,1
61,48,0
77,5,1
24,4,1
97,79,1
22,27,0
6,93,1
65,7,1
87,35,1
85,84,1
76,57,0
50,55,0
91,16,1
66,78,0
19,9,1
81,82,0
52,93,1
93,95,1
1,95,1
74,47,0
34,54,0
7,88,1
79,35,0
79,32,0
21,57,0
22,30,0
81,72,0
0,66,1
34,71,0
99,63,1
60,32,0
0,15,1
38,17,0
67,79,0
80,57,0
20,53,0
37,70,0
49,71,0
21,94,1
82,50,0
6,58,1
95,37,1
42,41,0
75,88,1
84,6,1
20,69,0
14,28,1
55,36,0
61,5,1
97,54,1
54,6,1
79,3,1
35,29,0
45,75,0
15,58,1
49,71,0
13,72,1
71,71,0
43,41,0
13,43,1
46,72,0
35,18,0
87,24,1
14,19,1
0,77,1
63,71,0
50,54,0
62,78,0
45,19,0
67,69,0
6,62,1
3,5,1
41,67,0
2,48,1
41,88,1
30,98,1
91,77,1
76,52,0
83,30,0
61,74,0
51,9,1
9,78,1
98,15,1
87,30,1
15,42,1
97,1,1
42,14,1
63,55,0
31,27,0
61,53,0
35,24,0
86,95,1
4,56,1
40,75,0
96,69,1
47,35,0
27,68,0
77,52,0
51,66,0
67,45,0
15,83,1
91,2,1
12,69,1
94,20,1
25,81,0
12,99,1
20,23,0
24,27,0
62,5,1
93,21,1
3,97,1
51,85,1
84,57,0
56,63,0
97,58,1
93,28,1
2,94,1
13,34,1
27,53,0
49,95,1
96,35,1
24,1,1
19,88,1
80,65,0
5,53,1
22,73,0
71,17,0
95,64,1
27,80,0
10,81,1
72,52,0
69,62,0
43,65,0
28,13,1
88,53,1
27,87,1
41,65,0
40,97,1
54,78,0
56,91,1
64,77,0
97,50,1
13,34,1
19,79,0
64,58,0
68,83,0
46,37,0
49,27,0
79,87,1
21,46,0
70,39,0
74,37,0
62,43,0
26,84,0
99,42,1
80,56,0
20,17,0
55,8,1
60,37,0
18,20,0
21,2,1
18,26,0
59,80,0
85,81,1
28,92,1
47,21,0
77,90,1
90,7,1
38,53,0
71,64,0
61,55,0
33,87,1
13,44,1
57,93,1
85,86,1
38,48,0
87,11,1
82,48,0
59,23,0
85,51,1
71,64,0
39,87,1
70,26,0
18,45,0
3,6,1
89,28,1
87,44,1
75,30,0
89,2,1
81,28,0
70,25,0
32,77,0
14,93,1
80,44,0
67,91,1
38,70,0
28,68,0
39,79,0
16,10,1
73,5,1
74,23,0
20,12,1
23,88,1
90,72,1
83,55,0
22,18,0
59,51,0
85,97,1
62,20,0
26,70,0
97,80,1
46,66,0
11,67,1
32,77,0
4,73,1
32,55,0
64,37,0
42,93,1
63,38,0
28,87,1
25,41,0
32,70,0
69,66,0
49,97,1
93,46,1
51,6,1
8,70,1
95,32,1
42,50,0
84,79,0
1,30,1
86,46,1
19,26,0
51,93,1
61,36,0
91,2,1
9,87,1
5,92,1
59,52,0
83,62,0
39,1,1
69,13,1
11,12,1
5,75,1
20,78,0
82,82,0
41,96,1
92,53,1
10,20,1
26,67,0
22,14,1
37,34,0
94,66,1
23,91,1
13,89,1
69,41,0
65,10,1
77,5,1
75,66,0
37,90,1
5,63,1
83,24,0
7,51,1
78,69,0
40,96,1
78,81,0
61,33,0
29,2,1
67,1,1
36,78,0
57,70,0
49,31,0
33,61,0
81,3,1
78,72,0
81,68,0
64,44,0
36,68,0
11,23,1
57,45,0
91,87,1
75,75,0
10,80,1
82,59,0
47,58,0
59,32,0
34,28,0
46,20,0
31,53,0
70,19,0
18,38,0
44,9,1
59,46,0
75,62,0
54,37,0
34,65,0
4,0,1
13,20,1
55,36,0
88,31,1
36,20,0
62,86,1
14,0,1
83,38,0
6,63,1
51,93,1
25,41,0
68,98,1
20,70,0
7,89,1
67,23,0
15,79,1
16,48,0
78,64,0
71,87,1
71,22,0
34,28,0
77,32,0
60,10,1
30,65,0
70,29,0
98,96,1
18,53,0
50,30,0
28,16,0
56,84,0
57,30,0
4,11,1
66,86,1
66,59,0
96,23,1
92,92,1
43,32,0
73,3,1
99,85,1
83,80,0
67,94,1
62,86,1
22,5,1
39,45,0
99,53,1
89,98,1
68,29,0
74,50,0
73,43,0
85,34,1
75,87,1
78,27,0
17,75,0
63,82,0
63,63,0
12,8,1
81,88,1
69,23,0
82,79,0
43,97,1
36,13,1
37,13,1
73,15,1
89,16,1
39,34,0
49,5,1
51,6,1
13,19,1
1,80,1
12,24,1
40,71,0
3,34,1
70,1,1
90,5,1
75,19,0
6,70,1
96,36,1
77,58,0
9,86,1
19,65,0
80,82,0
0,56,1
36,34,0
11,77,1
99,92,1
32,98,1
42,45,0
15,19,1
90,21,1
58,94,1
97,63,1
55,64,0
91,34,1
95,16,1
23,86,1
40,62,0
92,40,1
29,55,0
3,2,1
17,80,0
38,46,0
85,74,1
65,47,0
42,10,1
41,62,0
12,67,1
68,64,0
90,27,1
88,6,1
7,31,1
46,64,0
32,89,1
94,87,1
40,98,1
18,76,0
23,12,1
55,78,0
31,84,0
69,94,1
7,85,1
95,21,1
91,23,1
29,66,0
47,3,1
12,92,1
6,51,1
45,6,1
74,47,0
6,92,1
14,71,1
39,43,0
48,62,0
16,95,1
42,62,0
14,1,1
57,33,0
82,12,1
18,79,0
89,63,1
95,27,1
50,60,0
32,96,1
14,5,1
85,79,1
36,70,0
38,38,0
79,61,0
9,99,1
4,71,1
89,80,1
12,72,1
48,33,0
22,5,1
83,86,1
46,57,0
66,63,0
80,83,0
42,57,0
52,82,0
49,67,0
55,89,1
79,90,1
78,75,0
21,73,0
10,33,1
3,93,1
26,68,0
68,81,0
27,59,0
34,71,0
85,31,1
83,78,0
44,13,1
0,78,1
42,81,0
53,49,0
81,76,0
69,18,0
87,65,1
5,25,1
17,57,0
8,96,1
65,21,0
11,9,1
50,47,0
41,73,0
10,31,1
28,89,1
94,15,1
87,1,1
96,73,1
43,10,1
16,99,1
56,59,0
59,14,1
13,12,1
59,46,0
10,78,1
35,17,0
59,78,0
11,78,1
78,89,1
52,67,0
58,14,1
86,66,1
45,12,1
25,32,0
18,43,0
11,75,1
68,75,0
57,1,1
91,19,1
28,35,0
51,32,0
64,74,0
13,57,1
84,29,0
31,54,0
66,19,0
47,89,1
0,90,1
88,0,1
71,96,1
57,83,0
98,60,1
59,31,0
92,69,1
97,34,1
8,99,1
25,5,1
12,46,1
9,73,1
27,3,1
24,15,1
17,15,1
86,28,1
20,63,0
34,36,0
52,23,0
97,49,1
40,61,0
13,7,1
72,32,0
42,38,0
91,95,1
23,14,1
10,52,1
62,85,1
15,69,1
66,14,1
50,99,1
20,50,0
46,78,0
74,16,0
37,21,0
62,94,1
48,68,0
34,45,0
88,55,1
2,88,1
58,52,0
34,43,0
80,91,1
23,14,1
34,19,0
4,63,1
26,32,0
92,28,1
73,38,0
52,19,0
61,34,0
40,65,0
49,90,1
43,80,0
34,37,0
68,9,1
3,49,1
7,12,1
24,65,0
3,49,1
50,10,1
57,95,1
90,95,1
84,6,1
8,80,1
9,13,1
4,46,1
53,54,0
65,37,0
21,82,0
13,16,1
85,84,1
60,35,0
73,92,1
58,67,0
20,95,1
85,73,1
44,39,0
18,40,0
46,58,0
28,65,0
83,26,0
9,31,1
63,52,0
19,16,0
38,23,0
34,94,1
8,55,1
69,44,0
87,45,1
87,16,1
34,22,0
42,25,0
15,50,1
69,95,1
44,78,0
40,30,0
15,43,1
99,68,1
19,38,0
63,58,0
30,11,1
86,87,1
16,31,0
92,46,1
95,50,1
33,38,0
33,37,0
67,8,1
62,33,0
64,72,0
20,55,0
79,52,0
44,66,0
18,92,1
67,77,0
87,73,1
69,77,0
31,30,0
34,1,1
12,58,1
20,59,0
25,74,0
68,85,1
53,6,1
80,48,0
2,94,1
10,70,1
83,87,1
54,70,0
52,25,0
87,54,1
76,86,1
5,6,1
89,78,1
52,23,0
20,25,0
86,87,1
27,84,0
26,25,0
22,73,0
1,53,1
7,14,1
8,62,1
70,26,0
20,82,0
32,79,0
89,51,1
37,92,1
68,78,0
58,93,1
9,80,1
89,68,1
98,75,1
42,78,0
92,78,1
98,9,1
16,6,1
17,66,0
33,26,0
57,7,1
8,42,1
3,71,1
95,29,1
84,1,1
85,13,1
62,55,0
60,0,1
87,41,1
12,56,1
97,36,1
68,2,1
43,98,1
99,89,1
62,57,0
64,9,1
64,31,0
89,62,1
29,83,0
60,36,0
73,44,0
21,40,0
38,89,1
47,77,0
21,35,0
98,80,1
61,1,1
46,4,1
6,96,1
78,37,0
81,89,1
27,62,0
37,34,0
42,56,0
34,0,1
99,62,1
95,43,1
57,42,0
1,37,1
14,53,1
42,66,0
50,2,1
0,92,1
54,26,0
73,2,1
26,57,0
32,16,0
86,72,1
4,12,1
3,10,1
84,20,0
9,68,1
67,34,0
8,75,1
37,70,0
31,89,1
51,38,0
72,17,0
31,57,0
19,47,0
65,35,0
12,22,1
85,87,1
55,60,0
37,32,0
91,37,1
80,71,0
40,11,1
21,17,0
83,72,0
62,37,0
12,89,1
15,41,1
35,2,1
21,35,0
42,86,1
86,52,1
58,51,0
68,45,0
95,13,1
32,52,0
41,45,0
30,81,0
46,28,0
98,47,1
76,59,0
0,73,1
71,81,0
49,3,1
89,27,1
61,23,0
73,17,0
96,52,1
49,63,0
53,28,0
65,11,1
82,7,1
34,6,1
77,7,1
43,28,0
16,33,0
33,63,0
99,1,1
2,60,1
63,73,0
79,30,0
52,57,0
86,96,1
23,34,0
54,14,1
41,6,1
2,42,1
61,88,1
54,68,0
49,69,0
45,98,1
62,48,0
70,9,1
22,52,0
39,29,0
32,89,1
52,20,0
72,32,0
52,92,1
76,59,0
88,34,1
97,97,1
49,47,0
46,90,1
58,73,0
27,64,0
95,47,1
14,18,1
28,7,1
43,88,1
1,84,1
50,80,0
57,72,0
43,1,1
89,34,1
39,16,0
51,59,0
88,42,1
51,95,1
85,59,1
20,66,0
41,61,0
89,54,1
76,22,0
62,64,0
79,84,0
74,30,0
73,80,0
73,15,1
4,30,1
7,95,1
89,41,1
53,79,0
1,65,1
67,8,1
20,30,0
45,28,0
20,4,1
67,26,0
65,33,0
93,87,1
87,95,1
16,79,0
68,79,0
10,56,1
97,47,1
48,71,0
48,90,1
91,54,1
85,85,1
19,8,1
32,30,0
29,1,1
72,14,1
88,65,1
68,58,0
64,1,1
2,88,1
26,91,1
85,73,1
75,13,1
34,39,0
71,11,1
17,97,1
62,72,0
19,19,0
86,59,1
15,35,1
24,93,1
75,93,1
19,51,0
51,88,1
47,86,1
77,53,0
4,25,1
1,8,1
44,55,0
56,90,1
42,94,1
37,83,0
71,88,1
25,1,1
15,20,1
9,25,1
95,82,1
65,10,1
4,14,1
68,86,1
43,12,1
18,96,1
18,46,0
95,51,1
76,54,0
1,21,1
18,48,0
38,68,0
84,7,1
67,30,0
32,13,1
82,71,0
1,19,1
10,91,1
22,37,0
98,28,1
79,55,0
18,23,0
13,92,1
3,47,1
29,66,0
82,53,0
84,12,1
93,54,1
7,14,1
5,97,1
95,7,1
10,54,1
51,21,0
27,6,1
22,22,0
0,68,1
56,94,1
29,88,1
5,71,1
16,60,0
16,86,1
17,37,0
88,85,1
51,9,1
28,8,1
37,26,0
0,36,1
1,11,1
64,9,1
32,96,1
76,84,0
94,64,1
65,30,0
6,17,1
82,48,0
27,11,1
18,43,0
85,20,1
42,36,0
20,21,0
58,59,0
22,71,0
63,98,1
6,96,1
9,15,1
66,91,1
9,79,1
84,22,0
70,97,1
88,0,1
83,16,0
70,10,1
98,38,1
79,68,0
87,34,1
66,37,0
8,79,1
6,74,1
56,49,0
38,68,0
72,17,0
19,56,0
34,91,1
6,97,1
35,95,1
90,37,1
57,6,1
70,53,0
94,65,1
88,16,1
75,52,0
73,33,0
9,65,1
76,35,0
93,61,1
18,88,1
97,1,1
76,26,0
81,68,0
90,70,1
84,9,1
26,29,0
62,53,0
97,58,1
25,93,1
73,26,0
38,36,0
21,23,0
50,19,0
96,94,1
95,66,1
90,32,1
68,56,0
87,63,1
72,59,0
36,55,0
7,94,1
8,28,1
99,88,1
99,17,1
39,75,0
21,90,1
24,83,0
30,98,1
26,79,0
61,92,1
32,80,0
2,75,1
22,54,0
89,35,1
41,38,0
38,96,1
93,82,1
4,38,1
87,98,1
43,51,0
23,20,0
97,94,1
65,6,1
69,94,1
72,11,1
42,34,0
21,3,1
62,27,0
17,37,0
77,72,0
51,99,1
1,25,1
53,66,0
92,2,1
2,65,1
56,87,1
79,65,0
20,2,1
51,98,1
45,5,1
67,89,1
85,76,1
32,41,0
41,14,1
33,12,1
42,6,1
39,14,1
30,55,0
21,57,0
98,16,1
66,89,1
6,95,1
36,26,0
0,45,1
62,78,0
78,56,0
81,98,1
49,48,0
22,32,0
55,41,0
61,43,0
6,22,1
94,44,1
15,46,1
15,69,1
40,46,0
98,37,1
30,98,1
98,0,1
74,65,0
5,53,1
82,69,0
64,35,0
51,8,1
28,0,1
21,94,1
20,9,1
26,94,1
42,84,0
84,65,0
45,84,0
8,81,1
73,35,0
18,44,0
69,73,0
34,10,1
67,63,0
12,87,1
70,32,0
34,91,1
32,8,1
79,83,0
67,56,0
23,93,1
24,4,1
98,85,1
28,8,1
28,24,0
32,86,1
30,31,0
35,5,1
73,59,0
48,36,0
28,6,1
78,49,0
57,76,0
70,58,0
57,14,1
19,15,1
89,85,1
9,19,1
9,81,1
48,49,0
70,21,0
3,75,1
54,17,0
76,38,0
93,49,1
40,75,0
68,89,1
44,80,0
11,88,1
22,34,0
80,95,1
86,18,1
23,28,0
82,27,0
56,7,1
49,52,0
98,69,1
3,19,1
41,59,0
75,40,0
82,15,1
59,71,0
9,56,1
62,43,0
68,48,0
63,90,1
49,34,0
86,55,1
57,87,1
27,23,0
52,4,1
40,80,0
97,34,1
94,20,1
13,47,1
26,35,0
79,96,1
7,14,1
44,12,1
62,51,0
35,91,1
64,82,0
33,49,0
19,99,1
23,65,0
94,76,1
55,80,0
97,44,1
14,34,1
85,55,1
4,39,1
33,92,1
69,0,1
37,40,0
32,23,0
46,49,0
54,31,0
5,83,1
6,53,1
92,34,1
90,96,1
3,94,1
12,23,1
70,66,0
58,81,0
88,44,1
95,12,1
35,49,0
32,67,0
70,27,0
91,13,1
57,69,0
35,62,0
72,83,0
46,77,0
92,71,1
63,31,0
45,3,1
40,45,0
95,73,1
0,47,1
61,76,0
44,76,0
63,99,1
52,14,1
71,96,1
84,59,0
49,99,1
56,32,0
25,79,0
60,89,1
65,77,0
66,15,1
31,39,0
27,83,0
33,38,0
38,44,0
28,58,0
67,21,0
40,87,1
91,36,1
44,77,0
89,24,1
7,38,1
92,48,1
79,84,0
18,93,1
61,25,0
81,48,0
49,5,1
38,31,0
97,27,1
39,55,0
56,22,0
67,72,0
82,55,0
56,5,1
48,51,0
6,41,1
17,93,1
38,34,0
73,33,0
57,97,1
86,57,1
55,84,0
5,62,1
95,2,1
20,2,1
47,9,1
81,91,1
99,4,1
93,76,1
30,33,0
19,44,0
86,13,1
79,69,0
72,20,0
17,21,0
49,89,1
27,72,0
58,28,0
28,16,0
53,64,0
24,83,0
50,78,0
54,52,0
14,8,1
72,59,0
24,15,1
58,45,0
91,9,1
10,22,1
90,18,1
93,28,1
63,55,0
16,70,0
1,32,1
69,86,1
98,5,1
21,80,0
18,51,0
66,3,1
77,51,0
96,82,1
46,29,0
69,79,0
56,38,0
28,64,0
90,30,1
43,24,0
64,55,0
28,21,0
23,62,0
43,77,0
3,33,1
91,24,1
81,81,0
80,23,0
37,63,0
26,85,1
68,76,0
58,92,1
33,38,0
60,89,1
29,3,1
32,40,0
71,91,1
96,69,1
83,29,0
4,10,1
79,99,1
91,62,1
37,97,1
97,21,1
1,70,1
66,12,1
32,16,0
75,93,1
0,75,1
82,10,1
17,76,0
47,38,0
89,9,1
56,28,0
32,39,0
82,55,0
77,48,0
40,40,0
45,67,0
29,95,1
62,52,0
50,29,0
88,70,1
3,74,1
29,99,1
41,94,1
99,89,1
13,51,1
12,54,1
83,85,1
63,30,0
83,76,0
38,31,0
34,91,1
66,30,0
49,12,1
15,74,1
73,16,0
79,55,0
91,11,1
65,63,0
4,30,1
3,7,1
60,7,1
73,49,0
68,20,0
80,49,0
0,84,1
79,29,0
47,75,0
92,98,1
29,66,0
17,69,0
15,96,1
74,88,1
54,54,0
57,79,0
81,94,1
45,62,0
52,84,0
75,93,1
24,76,0
20,58,0
25,81,0
43,67,0
29,12,1
19,1,1
3,38,1
82,62,0
69,70,0
3,49,1
48,68,0
63,68,0
65,95,1
20,32,0
23,24,0
98,62,1
87,37,1
99,38,1
38,93,1
88,93,1
3,96,1
76,49,0
65,37,0
44,67,0
48,1,1
80,78,0
2,88,1
34,49,0
72,91,1
57,80,0
30,97,1
23,79,0
49,32,0
35,14,1
9,43,1
6,96,1
42,26,0
84,59,0
49,67,0
79,59,0
98,48,1
65,22,0
22,43,0
26,77,0
84,23,0
64,2,1
47,30,0
33,64,0
57,8,1
55,81,0
6,80,1
3,88,1
4,22,1
7,39,1
23,11,1
96,78,1
99,10,1
18,33,0
28,67,0
75,73,0
28,38,0
5,79,1
50,80,0
61,20,0
47,94,1
0,28,1
13,68,1
20,98,1
94,86,1
27,84,0
82,18,0
51,52,0
63,21,0
45,11,1
63,50,0
15,79,1
79,57,0
16,24,0
95,25,1
3,41,1
23,26,0
95,84,1
88,56,1
1,29,1
85,22,1
92,3,1
27,33,0
75,44,0
51,58,0
58,69,0
45,56,0
36,24,0
62,50,0
70,60,0
5,19,1
86,76,1
55,33,0
25,96,1
14,58,1
6,84,1
49,39,0
54,4,1
28,5,1
42,16,0
44,81,0
59,46,0
71,76,0
73,87,1
70,11,1
5,43,1
19,89,1
43,5,1
5,58,1
65,80,0
33,45,0
41,42,0
70,28,0
22,80,0
79,10,1
33,27,0
29,67,0
33,20,0
57,92,1
39,35,0
77,13,1
22,72,0
3,89,1
4,87,1
1,17,1
19,1,1
93,88,1
79,62,0
62,68,0
25,29,0
54,23,0
31,39,0
85,8,1
28,6,1
35,68,0
49,50,0
64,42,0
48,74,0
41,49,0
86,62,1
61,41,0
67,33,0
55,54,0
73,59,0
87,47,1
64,22,0
1,97,1
43,20,0
94,32,1
9,82,1
72,68,0
51,1,1
97,91,1
67,77,0
20,60,0
35,33,0
97,78,1
11,14,1
19,24,0
8,97,1
29,32,0
19,13,1
93,54,1
40,64,0
51,4,1
56,65,0
64,19,0
20,7,1
64,56,0
89,89,1
68,61,0
4,4,1
32,97,1
31,49,0
93,90,1
48,51,0
20,41,0
41,29,0
19,38,0
94,53,1
96,0,1
80,91,1
56,15,1
65,8,1
75,45,0
98,34,1
36,62,0
98,80,1
46,46,0
70,10,1
74,86,1
76,50,0
73,10,1
41,84,0
59,27,0
4,63,1
76,72,0
1,90,1
39,79,0
85,33,1
58,85,1
33,42,0
94,39,1
25,82,0
47,8,1
47,69,0
32,15,1
92,25,1
59,1,1
39,88,1
38,16,0
68,23,0
96,53,1
11,5,1
15,11,1
40,71,0
57,26,0
4,50,1
67,95,1
21,49,0
53,62,0
45,11,1
32,17,0
57,17,0
43,63,0
53,32,0
52,81,0
70,24,0
1,26,1
79,1,1
80,82,0
12,8,1
74,29,0
32,7,1
71,32,0
76,79,0
26,1,1
42,4,1
98,36,1
95,96,1
94,27,1
71,72,0
44,32,0
45,93,1
3,28,1
6,59,1
26,54,0
69,82,0
61,30,0
91,94,1
31,40,0
75,8,1
48,97,1
8,95,1
68,88,1
77,77,0
56,14,1
92,88,1
6,14,1
6,90,1
70,83,0
15,34,1
67,95,1
67,68,0
13,14,1
41,64,0
96,32,1
15,26,1
17,7,1
20,18,0
25,8,1
52,27,0
29,48,0
1,11,1
84,82,0
13,0,1
75,32,0
48,7,1
17,64,0
59,18,0
16,65,0
96,67,1
17,96,1
9,16,1
26,44,0
64,81,0
19,34,0
29,10,1
80,55,0
96,53,1
66,93,1
46,25,0
30,87,1
29,59,0
67,36,0
82,57,0
10,27,1
15,86,1
33,9,1
2,67,1
24,2,1
85,39,1
7,52,1
10,33,1
30,44,0
67,44,0
24,53,0
65,7,1
88,98,1
56,61,0
29,59,0
87,11,1
40,62,0
32,90,1
25,25,0
28,21,0
78,47,0
40,63,0
79,22,0
51,96,1
51,69,0
88,37,1
32,22,0
19,3,1
71,31,0
10,57,1
61,21,0
23,25,0
11,33,1
54,18,0
82,83,0
86,19,1
76,28,0
69,62,0
97,73,1
83,35,0
76,70,0
16,49,0
85,9,1
34,74,0
70,15,1
71,11,1
26,12,1
12,16,1
88,58,1
54,43,0
2,63,1
74,89,1
70,95,1
3,59,1
1,92,1
18,35,0
24,96,1
19,95,1
63,60,0
13,10,1
13,53,1
48,8,1
47,78,0
23,88,1
48,27,0
71,61,0
29,92,1
98,84,1
32,80,0
26,29,0
87,23,1
24,47,0
38,87,1
61,98,1
90,50,1
92,41,1
82,4,1
78,73,0
69,98,1
26,69,0
82,45,0
62,83,0
44,11,1
34,81,0
40,76,0
14,99,1
87,21,1
40,93,1
81,56,0
46,26,0
21,17,0
20,27,0
44,59,0
75,21,0
14,69,1
92,99,1
69,98,1
69,98,1
63,72,0
99,20,1
92,63,1
8,23,1
66,23,0
42,79,0
11,90,1
89,16,1
5,6,1
22,97,1
30,82,0
71,41,0
90,72,1
53,31,0
43,93,1
10,46,1
46,91,1
99,85,1
48,4,1
82,6,1
8,67,1
85,53,1
0,44,1
67,8,1
84,64,0
86,17,1
89,46,1
67,94,1
73,5,1
81,96,1
66,4,1
74,78,0
89,95,1
61,52,0
17,65,0
81,55,0
33,39,0
52,38,0
24,22,0
54,2,1
94,9,1
14,81,1
72,25,0
53,68,0
17,24,0
91,40,1
67,65,0
61,43,0
98,27,1
87,56,1
78,68,0
69,5,1
21,39,0
27,60,0
47,18,0
63,46,0
10,2,1
46,8,1
77,0,1
16,52,0
65,83,0
46,32,0
51,25,0
33,11,1
60,17,0
77,59,0
37,71,0
32,98,1
52,24,0
35,3,1
1,33,1
93,33,1
48,38,0
96,78,1
5,10,1
35,2,1
26,73,0
42,28,0
3,4,1
59,63,0
36,81,0
18,15,1
99,72,1
97,47,1
61,55,0
23,22,0
11,69,1
29,28,0
9,36,1
8,33,1
65,74,0
15,33,1
25,32,0
30,32,0
62,33,0
67,76,0
41,70,0
56,71,0
95,76,1
83,5,1
36,5,1
30,17,0
76,68,0
41,67,0
65,75,0
70,91,1
69,55,0
98,55,1
93,1,1
19,26,0
96,83,1
34,77,0
26,48,0
48,10,1
46,15,1
97,51,1
10,27,1
37,4,1
6,71,1
28,28,0
85,55,1
2,64,1
83,45,0
85,25,1
80,41,0
28,87,1
10,87,1
74,79,0
71,72,0
77,21,0
76,85,1
90,21,1
47,79,0
24,27,0
16,53,0
71,23,0
1,0,1
87,96,1
17,90,1
3,81,1
35,50,0
12,72,1
20,49,0
88,99,1
81,62,0
70,46,0
59,78,0
4,45,1
49,71,0
80,14,1
35,56,0
36,16,0
87,42,1
44,17,0
26,44,0
98,17,1
38,0,1
96,98,1
14,88,1
57,71,0
10,23,1
34,64,0
59,46,0
57,29,0
55,69,0
84,33,0
76,92,1
43,64,0
14,3,1
5,77,1
90,70,1
59,40,0
51,1,1
11,89,1
96,89,1
22,44,0
28,89,1
20,9,1
30,75,0
83,19,0
24,49,0
75,77,0
70,27,0
79,27,0
45,8,1
58,51,0
60,62,0
46,14,1
0,7,1
52,45,0
86,88,1
74,57,0
86,97,1
6,93,1
94,32,1
0,60,1
79,84,0
91,60,1
28,42,0
9,36,1
41,47,0
92,7,1
35,28,0
84,30,0
21,53,0
74,39,0
24,50,0
87,37,1
20,1,1
32,26,0
56,38,0
70,15,1
22,69,0
3,46,1
2,60,1
82,14,1
53,83,0
63,38,0
22,73,0
85,89,1
35,73,0
42,23,0
76,16,0
35,32,0
16,78,0
92,93,1
46,50,0
1,27,1
38,36,0
54,7,1
71,83,0
72,14,1
94,43,1
64,93,1
45,96,1
15,4,1
7,97,1
25,18,0
64,56,0
77,27,0
93,66,1
30,19,0
64,7,1
10,53,1
52,97,1
77,82,0
53,56,0
6,90,1
27,27,0
73,20,0
1,27,1
86,77,1
0,87,1
79,22,0
90,30,1
59,38,0
2,14,1
84,16,0
58,53,0
88,71,1
49,6,1
64,18,0
17,13,1
41,11,1
51,82,0
58,45,0
47,76,0
49,95,1
62,88,1
14,42,1
36,23,0
10,36,1
18,77,0
19,61,0
37,43,0
34,39,0
30,87,1
30,10,1
36,85,1
90,74,1
35,88,1
53,98,1
77,22,0
12,77,1
16,95,1
5,72,1
46,12,1
62,66,0
21,73,0
85,64,1
71,64,0
64,44,0
42,93,1
24,47,0
70,78,0
80,40,0
31,62,0
66,85,1
77,20,0
79,56,0
65,93,1
3,30,1
2,53,1
96,36,1
18,71,0
10,33,1
19,59,0
33,81,0
98,84,1
44,56,0
51,54,0
58,82,0
9,15,1
79,44,0
16,84,0
10,44,1
67,10,1
24,49,0
68,9,1
82,15,1
48,0,1
31,33,0
72,25,0
32,19,0
25,0,1
54,44,0
81,5,1
10,15,1
92,6,1
10,87,1
22,5,1
86,30,1
76,50,0
40,76,0
47,3,1
93,65,1
60,78,0
34,47,0
58,52,0
14,70,1
25,15,1
19,5,1
44,75,0
3,2,1
30,62,0
62,31,0
47,64,0
93,43,1
77,38,0
40,89,1
97,69,1
23,13,1
20,43,0
53,7,1
44,79,0
2,30,1
19,50,0
26,98,1
68,31,0
85,63,1
42,78,0
88,99,1
12,45,1
80,4,1
42,54,0
4,75,1
64,61,0
10,97,1
81,20,0
29,45,0
96,25,1
42,75,0
29,73,0
6,52,1
30,36,0
17,36,0
5,22,1
4,58,1
27,42,0
87,40,1
27,69,0
9,53,1
76,0,1
2,66,1
29,28,0
63,10,1
19,79,0
61,59,0
68,2,1
11,6,1
9,86,1
83,78,0
78,8,1
0,55,1
95,72,1
87,12,1
18,62,0
93,7,1
13,92,1
59,75,0
15,22,1
70,11,1
55,32,0
52,12,1
26,2,1
31,10,1
92,66,1
21,24,0
5,10,1
6,48,1
86,71,1
39,1,1
26,27,0
96,42,1
38,45,0
84,1,1
87,82,1
9,64,1
83,22,0
38,95,1
21,77,0
64,64,0
55,63,0
51,39,0
2,79,1
37,23,0
52,6,1
99,82,1
75,74,0
88,89,1
26,73,0
37,46,0
31,67,0
63,73,0
86,81,1
82,76,0
28,47,0
91,9,1
5,46,1
60,84,0
40,92,1
7,8,1
77,95,1
3,4,1
35,46,0
78,10,1
35,9,1
13,19,1
60,30,0
53,86,1
35,62,0
62,30,0
56,17,0
63,95,1
48,23,0
13,75,1
27,35,0
3,71,1
94,26,1
59,92,1
16,38,0
49,36,0
11,26,1
8,16,1
92,1,1
52,54,0
62,51,0
32,54,0
5,23,1
45,23,0
61,48,0
59,63,0
93,68,1
77,82,0
93,22,1
46,15,1
15,48,1
15,47,1
1,60,1
96,18,1
20,16,0
26,10,1
56,47,0
32,67,0
18,69,0
98,29,1
96,56,1
67,62,0
34,12,1
95,79,1
60,86,1
42,70,0
37,4,1
26,22,0
68,31,0
33,39,0
36,60,0
24,17,0
43,74,0
49,40,0
63,94,1
0,33,1
24,79,0
94,5,1
96,53,1
24,0,1
52,0,1
81,31,0
65,58,0
21,95,1
41,73,0
69,41,0
1,67,1
96,6,1
30,60,0
22,86,1
12,85,1
84,88,1
35,50,0
44,91,1
72,73,0
51,24,0
73,89,1
35,50,0
37,57,0
22,85,1
39,99,1
8,49,1
66,82,0
5,99,1
43,10,1
49,11,1
83,40,0
63,31,0
60,76,0
92,0,1
95,73,1
45,56,0
79,91,1
20,27,0
71,80,0
44,97,1
95,83,1
5,99,1
83,51,0
46,25,0
19,7,1
38,22,0
74,7,1
5,86,1
38,51,0
32,21,0
60,34,0
1,37,1
24,62,0
72,34,0
5,73,1
64,8,1
29,15,1
1,78,1
3,32,1
97,90,1
26,56,0
41,23,0
1,80,1
36,66,0
49,24,0
36,79,0
41,8,1
34,79,0
48,47,0
57,44,0
11,2,1
60,0,1
29,75,0
91,53,1
71,29,0
92,3,1
91,39,1
48,92,1
17,3,1
53,42,0
80,62,0
47,14,1
40,40,0
98,91,1
88,87,1
3,38,1
9,98,1
99,32,1
14,87,1
62,26,0
24,4,1
48,92,1
44,89,1
71,13,1
12,83,1
96,38,1
27,10,1
32,1,1
41,65,0
83,93,1
32,68,0
75,84,0
8,24,1
22,11,1
85,21,1
60,81,0
84,35,0
44,88,1
54,46,0
76,60,0
32,51,0
53,79,0
75,35,0
73,61,0
27,64,0
20,85,1
42,39,0
15,13,1
95,10,1
62,84,0
15,39,1
85,71,1
1,46,1
64,43,0
95,66,1
4,3,1
10,24,1
46,17,0
97,87,1
71,68,0
31,22,0
27,86,1
38,99,1
79,14,1
63,55,0
28,63,0
29,43,0
30,75,0
84,69,0
52,38,0
23,7,1
78,77,0
88,32,1
63,71,0
85,52,1
55,96,1
23,84,0
68,16,0
61,68,0
67,70,0
31,56,0
88,8,1
47,65,0
70,0,1
71,8,1
16,50,0
54,70,0
68,92,1
23,47,0
62,80,0
55,95,1
37,41,0
32,83,0
19,57,0
16,5,1
78,26,0
23,99,1
94,71,1
38,45,0
12,59,1
53,65,0
98,45,1
21,49,0
33,2,1
99,88,1
15,9,1
31,33,0
61,88,1
58,46,0
36,50,0
69,82,0
94,31,1
61,25,0
38,76,0
18,73,0
49,50,0
11,15,1
54,49,0
83,17,0
73,26,0
12,2,1
9,36,1
78,83,0
70,73,0
36,32,0
2,67,1
56,30,0
94,39,1
75,55,0
3,47,1
48,85,1
82,11,1
55,0,1
25,29,0
85,33,1
26,54,0
46,62,0
85,49,1
75,27,0
57,75,0
11,15,1
31,44,0
16,66,0
85,25,1
77,62,0
46,53,0
26,69,0
62,48,0
56,41,0
36,49,0
2,1,1
76,84,0
42,10,1
72,60,0
4,43,1
37,9,1
47,56,0
55,88,1
89,37,1
84,47,0
63,64,0
70,62,0
24,29,0
4,84,1
31,2,1
35,21,0
4,11,1
3,40,1
97,71,1
57,89,1
87,91,1
53,12,1
86,61,1
99,45,1
26,51,0
40,60,0
52,57,0
46,61,0
31,74,0
67,60,0
20,4,1
21,19,0
3,25,1
6,6,1
45,30,0
61,64,0
24,43,0
13,33,1
3,33,1
22,74,0
53,52,0
64,68,0
99,44,1
8,36,1
33,96,1
19,29,0
45,51,0
94,96,1
48,99,1
25,17,0
37,48,0
90,4,1
72,24,0
8,46,1
9,29,1
11,87,1
7,34,1
54,66,0
67,3,1
37,70,0
99,98,1
1,16,1
72,30,0
50,27,0
2,1,1
72,8,1
17,7,1
56,3,1
73,99,1
45,70,0
53,60,0
71,33,0
49,23,0
52,14,1
10,70,1
69,98,1
17,56,0
51,25,0
69,12,1
62,43,0
6,98,1
87,19,1
62,84,0
53,90,1
84,11,1
70,60,0
79,84,0
65,34,0
37,60,0
47,76,0
73,94,1
32,67,0
99,62,1
66,53,0
41,38,0
57,69,0
85,0,1
37,78,0
7,61,1
8,65,1
32,14,1
56,86,1
7,73,1
16,61,0
47,71,0
9,72,1
67,72,0
31,29,0
36,63,0
91,30,1
4,38,1
59,40,0
50,81,0
56,30,0
89,6,1
14,28,1
94,16,1
4,77,1
31,41,0
86,26,1
14,50,1
75,7,1
72,7,1
14,16,1
47,42,0
82,98,1
99,78,1
89,16,1
67,19,0
49,50,0
81,58,0
33,65,0
88,16,1
23,95,1
68,95,1
91,64,1
11,91,1
98,50,1
36,8,1
96,30,1
71,6,1
29,30,0
13,81,1
98,82,1
24,34,0
25,70,0
83,65,0
84,29,0
9,34,1
51,14,1
44,22,0
16,24,0
78,36,0
28,71,0
9,15,1
84,31,0
23,89,1
67,82,0
83,80,0
28,66,0
85,74,1
92,70,1
26,78,0
23,92,1
11,2,1
44,54,0
27,55,0
46,57,0
89,91,1
27,97,1
78,48,0
36,89,1
70,33,0
6,24,1
41,0,1
30,84,0
62,69,0
42,84,0
95,7,1
38,41,0
87,56,1
25,61,0
17,71,0
2,37,1
66,44,0
39,1,1
92,18,1
27,97,1
38,76,0
95,61,1
3,52,1
44,8,1
79,8,1
86,88,1
36,78,0
66,91,1
53,40,0
47,45,0
8,57,1
23,93,1
85,49,1
79,98,1
50,70,0
16,17,0
69,89,1
71,24,0
31,75,0
73,53,0
38,91,1
59,44,0
53,46,0
96,16,1
14,68,1
36,69,0
56,37,0
0,85,1
63,11,1
69,19,0
30,80,0
65,53,0
28,75,0
22,7,1
26,99,1
95,73,1
87,71,1
64,50,0
23,14,1
58,47,0
45,17,0
49,92,1
